"Crise política é golpe"" de Sócrates para se vitimizar, diz António Barreto"	ent2_opposes_ent1	 	2011-03-31	https://arquivo.pt/wayback/20110331154025/http://www.ionline.pt/conteudo/114362-crise-politica-e-golpe-socrates-se-vitimizar-diz-antonio-barreto	Sócrates	António Barreto	https://www.wikidata.org/wiki/Q182367	https://www.wikidata.org/wiki/Q2857756
Assunção Cristas. Costa ‘perdeu uma boa oportunidade para estar calado’	ent1_opposes_ent2	 	2017-03-02	https://arquivo.pt/wayback/20170302094702/https://sol.sapo.pt/noticia/409951	Assunção Cristas	Costa	https://www.wikidata.org/wiki/Q439377	https://www.wikidata.org/wiki/Q610788
"Assunção Cristas pede ""remodelação"" de António Costa"	ent1_opposes_ent2	 	2019-02-10	https://arquivo.pt/wayback/20190210053757/https://www.dn.pt/poder/interior/assuncao-cristas-ataca-remodelacao-e-costa-o-primeiro-ministro-fragilizado--9998935.html	Assunção Cristas	António Costa	https://www.wikidata.org/wiki/Q439377	https://www.wikidata.org/wiki/Q610788
Cristas defende que ainda falta remodelar António Costa	ent1_opposes_ent2	 	2018-10-15	https://arquivo.pt/wayback/20181015172204/https://observador.pt/2018/10/14/cristas-defende-que-ainda-falta-remodelar-antonio-costa/amp/	Cristas	António Costa	https://www.wikidata.org/wiki/Q439377	https://www.wikidata.org/wiki/Q610788
Cristas reclama liderança da oposição a Costa	other	 	2018-09-13	https://arquivo.pt/wayback/20180913190922/https://www.publico.pt/2018/09/11/politica/noticia/cristas-reclama-lideranca-da-oposicao-a-costa-1843766	Cristas	Costa	https://www.wikidata.org/wiki/Q439377	https://www.wikidata.org/wiki/Q610788
"Cristas diz que Costa não está empenhado"" em evitar possíveis sanções"	ent1_opposes_ent2	 	2016-07-03	https://arquivo.pt/wayback/20160703021329/http://sol.sapo.pt/artigo/512572/cristas-diz-que-costa-nao-esta-empenhado-em-evitar-possiveis-sancoes	Cristas	Costa	https://www.wikidata.org/wiki/Q439377	https://www.wikidata.org/wiki/Q610788
Manuel Monteiro mantém polémica com Almeida Santos	ent1_opposes_ent2	 	1994-05-05	https://www.linguateca.pt/CHAVE?PUBLICO-19940505-097	Manuel Monteiro	Almeida Santos	https://www.wikidata.org/wiki/Q6752747	https://www.wikidata.org/wiki/Q611579
António Vitorino insiste em debate com Eurico de Melo	ent1_opposes_ent2	 	1994-05-05	https://www.linguateca.pt/CHAVE?PUBLICO-19940505-100	António Vitorino	Eurico de Melo	https://www.wikidata.org/wiki/Q200941	https://www.wikidata.org/wiki/Q3060511
Monteiro confirmou convite a Moura Guedes	ent1_supports_ent2	 	1995-06-04	https://www.linguateca.pt/CHAVE?PUBLICO-19950604-085	Monteiro	Moura Guedes	https://www.wikidata.org/wiki/Q6752747	https://www.wikidata.org/wiki/Q10324736
Guterres ataca Cavaco e o PSD no comício-festa da Ribeira	ent1_opposes_ent2	 	1995-07-31	https://www.linguateca.pt/CHAVE?PUBLICO-19950731-079	Guterres	Cavaco	https://www.wikidata.org/wiki/Q311440	https://www.wikidata.org/wiki/Q57398
Balsemão dispara contra lei Arons	ent1_opposes_ent2	 	2000-03-08	https://arquivo.pt/wayback/20000308182112/http://www.expresso.pt/ed1320/pu17.asp	Balsemão	Arons	https://www.wikidata.org/wiki/Q381029	https://www.wikidata.org/wiki/Q9594142
Soares diz-se «perplexo» com Cravinho	ent1_opposes_ent2	 	2000-05-25	https://arquivo.pt/wayback/20000525191238/http://www.expresso.pt/ed1325/p52.asp?a	Soares	Cravinho	https://www.wikidata.org/wiki/Q1340708	https://www.wikidata.org/wiki/Q64685
Sousa Franco responde a Jorge Coelho:«Saiba que não me calarei»	ent1_opposes_ent2	 	2000-10-17	https://arquivo.pt/wayback/20001017101451/http://www.expresso.pt/ed1433/pu15.asp?ls	Sousa Franco	Jorge Coelho:«Saiba	https://www.wikidata.org/wiki/Q4777639	https://www.wikidata.org/wiki/Q3183808
Mendes ensaia ataque a Durão	ent1_opposes_ent2	 	2001-01-09	https://arquivo.pt/wayback/20010109073600/http://www.expresso.pt/ed1418/p101.asp?p	Mendes	Durão	https://www.wikidata.org/wiki/Q550243	https://www.wikidata.org/wiki/Q15849
Guterres solidário com Sampaio no caso do urânio empobrecido	ent1_supports_ent2	 	2001-01-25	http://publico.pt/8546	Guterres	Sampaio	https://www.wikidata.org/wiki/Q311440	https://www.wikidata.org/wiki/Q156780
Durão Barroso pede a demissão de Jorge Coelho	ent1_opposes_ent2	 	2001-02-05	http://publico.pt/9943	Durão Barroso	Jorge Coelho	https://www.wikidata.org/wiki/Q15849	https://www.wikidata.org/wiki/Q3183808
Armando Vara escolhido por Guterres para coordenar autárquicas	ent2_supports_ent1	 	2001-02-09	http://publico.pt/10372	Armando Vara	Guterres	https://www.wikidata.org/wiki/Q4792848	https://www.wikidata.org/wiki/Q311440
Manuela Ferreira Leite e João Cravinho analisam governação do PS	other	 	2001-03-20	http://publico.pt/15566	Manuela Ferreira Leite	João Cravinho	https://www.wikidata.org/wiki/Q444059	https://www.wikidata.org/wiki/Q64685
Fernando Seara para Sintra, Pedro Lynce na Azambuja	other	 	2001-05-31	https://arquivo.pt/wayback/20010531063602/http://jornal.publico.pt/publico/2001/05/31/Nacional/P07.html	Fernando Seara	Pedro Lynce	https://www.wikidata.org/wiki/Q10281523	https://www.wikidata.org/wiki/Q10347577
Louçã critica Orçamento Rectificativo anunciado por Pina Moura	ent1_opposes_ent2	 	2001-06-10	http://publico.pt/26861	Louçã	Pina Moura	https://www.wikidata.org/wiki/Q1442096	https://www.wikidata.org/wiki/Q3179732
Eleitores consideram Sócrates melhor líder que Passos Coelho	other	 	2011-05-11	https://arquivo.pt/wayback/20110511020632/http://www.dn.pt/Inicio/interior.aspx?content_id=1845555	Sócrates	Passos Coelho	https://www.wikidata.org/wiki/Q182367	https://www.wikidata.org/wiki/Q57615
"Sócrates: Passos Coelho ""não percebeu o simbolismo desta obra"""	ent1_opposes_ent2	 	2017-08-08	https://arquivo.pt/wayback/20170808235151/http://www.tsf.pt/politica/interior/passos-coelho-nao-percebeu-o-simbolismo-desta-obra-5162819.html	Sócrates	Passos Coelho	https://www.wikidata.org/wiki/Q182367	https://www.wikidata.org/wiki/Q57615
Pina Moura terá pedido demissão a Guterres	ent1_opposes_ent2	 	2001-06-21	http://publico.pt/28383	Pina Moura	Guterres	https://www.wikidata.org/wiki/Q3179732	https://www.wikidata.org/wiki/Q311440
Manuel Maria Carrilho e Alfredo Barroso	other	 	2001-08-06	https://arquivo.pt/wayback/20010806063849/http://jornal.publico.pt/publico/2001/08/06/EspacoPublico/OCRT02.html	Manuel Maria Carrilho	Alfredo Barroso	https://www.wikidata.org/wiki/Q13582493	https://www.wikidata.org/wiki/Q16336375
Gomes contra eventual candidatura de Nuno Cardoso	ent1_opposes_ent2	 	2001-08-17	http://publico.pt/35912	Gomes	Nuno Cardoso	https://www.wikidata.org/wiki/Q10281366	https://www.wikidata.org/wiki/Q10338167
Barroso acusa Sampaio de colocar condição de socialista à frente da Presidência	ent1_opposes_ent2	 	2001-10-30	http://publico.pt/47579	Barroso	Sampaio	https://www.wikidata.org/wiki/Q15849	https://www.wikidata.org/wiki/Q156780
Guterres, Mesquita e o psiquiatra	other	 	2001-12-01	https://arquivo.pt/wayback/20011201065236/http://jornal.publico.pt/publico/2001/12/01/LocalPorto/LP07CX01.html	Guterres	Mesquita	https://www.wikidata.org/wiki/Q311440	https://www.wikidata.org/wiki/Q10328972
"Cavaco: Guterres tem indiscutivelmente perfil"" para ONU"	ent1_supports_ent2	 	2016-05-23	https://arquivo.pt/wayback/20160523024321/http://www.sabado.pt/portugal/politica/detalhe/cavaco_guterres_tem_indiscutivelmente_perfil_para_onu.html	Cavaco	Guterres	https://www.wikidata.org/wiki/Q57398	https://www.wikidata.org/wiki/Q311440
António Costa defende Sócrates e ataca Governo	ent1_supports_ent2	 	2010-07-16	http://publico.pt/1447388	António Costa	Sócrates	https://www.wikidata.org/wiki/Q610788	https://www.wikidata.org/wiki/Q182367
Costa acusa Seguro de copiar programa de Sócrates de 2009	other	 	2014-09-29	https://arquivo.pt/wayback/20140929033448/http://www.jn.pt/PaginaInicial/Politica/Interior.aspx?content_id=4118363	Costa	Sócrates	https://www.wikidata.org/wiki/Q610788	https://www.wikidata.org/wiki/Q182367
"Marcelo: ""Se Costa ganhar com processo Sócrates às costas é um génio"""	other	 	2014-11-24	https://arquivo.pt/wayback/20141124184354/http://economico.sapo.pt/noticias/nprint/206685	Costa	Sócrates	https://www.wikidata.org/wiki/Q610788	https://www.wikidata.org/wiki/Q182367
Costa não muda plano para órgãos do partido apesar do caso Sócrates	other	 	2014-11-25	https://arquivo.pt/wayback/20141125194827/http://economico.sapo.pt/noticias/nprint/206772	Costa	Sócrates	https://www.wikidata.org/wiki/Q610788	https://www.wikidata.org/wiki/Q182367
António Costa desafia críticos de Sócrates	other	 	2011-04-09	https://arquivo.pt/wayback/20110409165533/http://www.dn.pt/inicio/portugal/interior.aspx?content_id=1826715	António Costa	Sócrates	https://www.wikidata.org/wiki/Q610788	https://www.wikidata.org/wiki/Q182367
Costa demarca-se da receita de Sócrates e quer fazer diferente	other	 	2015-07-21	https://arquivo.pt/wayback/20150721175843/http://www.dn.pt/politica/interior.aspx?content_id=4691366	Costa	Sócrates	https://www.wikidata.org/wiki/Q610788	https://www.wikidata.org/wiki/Q182367
António Costa critica Governo e demarca-se de Sócrates	other	 	2015-07-22	https://arquivo.pt/wayback/20150722225247/http://www.jn.pt/PaginaInicial/Nacional/Interior.aspx?content_id=4691368	António Costa	Sócrates	https://www.wikidata.org/wiki/Q610788	https://www.wikidata.org/wiki/Q182367
Marcelo e Santana Lopes dão voto de confiança a Durão Barroso	ent1_supports_ent2	 	2002-02-17	http://publico.pt/65952	Santana Lopes	Durão Barroso	https://www.wikidata.org/wiki/Q239248	https://www.wikidata.org/wiki/Q15849
"Dinamismo de Gago deu impulso notável"" à ciência, diz Cavaco Silva"	ent2_supports_ent1	 	2015-04-19	https://arquivo.pt/wayback/20150419001527/http://www.tsf.pt/PaginaInicial/Portugal/Interior.aspx?content_id=4518201	Gago	Cavaco Silva	https://www.wikidata.org/wiki/Q367910	https://www.wikidata.org/wiki/Q57398
José Veiga Simão critica Mariano Gago	ent1_opposes_ent2	 	2011-01-27	https://arquivo.pt/wayback/20110127082516/http://www.rr.pt/informacao_detalhe.aspx?fid=92&did=132451	José Veiga Simão	Mariano Gago	https://www.wikidata.org/wiki/Q10310607	https://www.wikidata.org/wiki/Q367910
Passos Coelho, Mariano Gago e a gafe inoportuna	other	 	2015-04-29	https://arquivo.pt/wayback/20150429065947/http://ionline.pt/386633?source=social	Passos Coelho	Mariano Gago	https://www.wikidata.org/wiki/Q57615	https://www.wikidata.org/wiki/Q367910
Manuel Heitor, o ministro que quer continuar o legado de Mariano Gago	other	 	2015-12-01	https://arquivo.pt/wayback/20151201141742/http://www.publico.pt/ciencia/noticia/manuel-heitor-o-ministro-que-quer-continuar-o-legado-de-mariano-gago-1715485	Manuel Heitor	Mariano Gago	https://www.wikidata.org/wiki/Q23905333	https://www.wikidata.org/wiki/Q367910
"Guterres destaca contributo excecional"" de Gago para a ciência em Portugal"	ent1_supports_ent2	 	2015-04-18	https://arquivo.pt/wayback/20150418190224/http://www.dn.pt/politica/interior.aspx?content_id=4517997	Guterres	Gago	https://www.wikidata.org/wiki/Q311440	https://www.wikidata.org/wiki/Q367910
"Crato destaca Mariano Gago como uma ""personalidade brilhante"""	ent1_supports_ent2	 	2016-06-02	https://arquivo.pt/wayback/20160602232242/http://sol.sapo.pt/noticia/386507	Crato	Mariano Gago	https://www.wikidata.org/wiki/Q2344342	https://www.wikidata.org/wiki/Q367910
Costa recorda Mariano Gago como um resistente à ditadura que mudou o paradigma da ciência	ent1_supports_ent2	 	2016-06-02	https://arquivo.pt/wayback/20160602232221/http://sol.sapo.pt/noticia/386508/Costa-recorda-Mariano-Gago-como-um-resistente-a-ditadura-que-mudou-o-paradigma-da-ci-ncia	Costa	Mariano Gago	https://www.wikidata.org/wiki/Q610788	https://www.wikidata.org/wiki/Q367910
Costa já promete ministérios. E tem o apoio do genro de Cavaco	other	 	2014-07-25	https://arquivo.pt/wayback/20140725034550/http://expresso.sapo.pt/costa-ja-promete-ministerios-e-tem-o-apoio-do-genro-de-cavaco=f879788	Costa	Cavaco	https://www.wikidata.org/wiki/Q610788	https://www.wikidata.org/wiki/Q57398
António Costa: «Cavaco assumiu-se como adversário de todos os socialistas»	ent1_opposes_ent2	 	2011-02-01	https://arquivo.pt/wayback/20110201002412/http://sol.sapo.pt/inicio/Politica/Interior.aspx?content_id=9699	António Costa	Cavaco	https://www.wikidata.org/wiki/Q610788	https://www.wikidata.org/wiki/Q57398
"Costa não aceita ""lições"" do ""professor Aníbal Cavaco Silva"" e avança com rejeição"	ent1_opposes_ent2	 	2015-10-23	https://arquivo.pt/wayback/20151023191429/http://observador.pt/2015/10/22/catarina-martins-discurso-cavaco-silva-absolutamente-inaceitavel/	Costa	Aníbal Cavaco Silva	https://www.wikidata.org/wiki/Q610788	https://www.wikidata.org/wiki/Q57398
"António Costa sobre Cavaco Silva: ""É natural que tenha algumas saudades do palco"""	other	 	2017-08-31	http://publico.pt/1783958	António Costa	Cavaco Silva	https://www.wikidata.org/wiki/Q610788	https://www.wikidata.org/wiki/Q57398
"Costa quer direita e Cavaco ""raivosos como merecem"""	ent1_opposes_ent2	 	2019-04-07	https://arquivo.pt/wayback/20190407181948/https://www.dn.pt/poder/interior/debate-quinzenal-costa-leva-a-ar-cabeca-de-secretario-de-estado-numa-bandeja-10760586.html	Costa	Cavaco	https://www.wikidata.org/wiki/Q610788	https://www.wikidata.org/wiki/Q57398
"Ulrich defende Machete e critica ""moralismo"" de Portugal"	ent1_supports_ent2	 	2013-11-01	https://arquivo.pt/wayback/20131101033552/http://sol.sapo.pt/inicio/Economia/Interior.aspx?content_id=89428	Ulrich	Machete	https://www.wikidata.org/wiki/Q1318666	https://www.wikidata.org/wiki/Q10365280
Ulrich sugere Carlos Moedas para comandar trabalho de crescimento económico	ent1_supports_ent2	 	2018-05-02	https://arquivo.pt/wayback/20180502144513/http://www.jornaldenegocios.pt/economia/ajuda-externa/detalhe/ulrich-sugere-carlos-moedas-para-comandar-trabalho-de-crescimento-economico	Ulrich	Carlos Moedas	https://www.wikidata.org/wiki/Q1318666	https://www.wikidata.org/wiki/Q9697231
Ulrich diz que Miguel Cadilhe também é uma boa opção para o BCP	ent1_supports_ent2	 	2008-01-07	http://publico.pt/1315903	Ulrich	Miguel Cadilhe	https://www.wikidata.org/wiki/Q1318666	https://www.wikidata.org/wiki/Q732154
Isabel dos Santos trava continuidade de Fernando Ulrich à frente do BPI	ent1_opposes_ent2	 	2016-04-28	http://publico.pt/1730394	Isabel dos Santos	Fernando Ulrich	https://www.wikidata.org/wiki/Q456034	https://www.wikidata.org/wiki/Q1318666
Passos Coelho diz que Sócrates está disponível para reforço do PEC	other	 	2010-05-01	https://arquivo.pt/wayback/20100501043731/http://www.ionline.pt/conteudo/57411-passos-coelho-diz-que-socrates-esta-disponivel-reforco-do-pec	Passos Coelho	Sócrates	https://www.wikidata.org/wiki/Q57615	https://www.wikidata.org/wiki/Q182367
PSD defende Passos Coelho, PS defende Sócrates	other	 	2015-04-06	https://arquivo.pt/wayback/20150406085801/http://www.publico.pt/politica/noticia/psd-defende-passos-coelho-ps-defende-socrates-1688225?utm_source=feedburner&utm_medium=feed&utm_campaign=Feed%3A+PublicoRSS+%28Publico.pt%29	Passos Coelho	Sócrates	https://www.wikidata.org/wiki/Q57615	https://www.wikidata.org/wiki/Q182367
Passos Coelho ultrapassa Sócrates na corrida para primeiro-ministro	other	 	2015-08-15	https://arquivo.pt/wayback/20150815113346/http://economico.sapo.pt/noticias/passos-coelho-ultrapassa-socrates-na-corrida-para-primeiroministro_88314.html	Passos Coelho	Sócrates	https://www.wikidata.org/wiki/Q57615	https://www.wikidata.org/wiki/Q182367
Guterres solidário com Sócrates mas evita presidenciais	ent1_supports_ent2	 	2005-09-04	https://arquivo.pt/wayback/20050904092204/http://dn.sapo.pt/2005/03/21/nacional/guterres_solidario_socrates_evita_pr.html	Guterres	Sócrates	https://www.wikidata.org/wiki/Q311440	https://www.wikidata.org/wiki/Q182367
António José Seguro e João Soares propostos para a Comissão Política do PS	other	 	2006-11-26	http://publico.pt/1277862	António José Seguro	João Soares	https://www.wikidata.org/wiki/Q1580316	https://www.wikidata.org/wiki/Q1340708
Odete Santos e Abílio Fernandes renunciam aos seus mandato de deputado	other	 	2006-11-23	http://publico.pt/1277595	Odete Santos	Abílio Fernandes	https://www.wikidata.org/wiki/Q10340237	https://www.wikidata.org/wiki/Q65498268
Santana é melhor companhia, Sócrates mais credível	other	 	2006-09-07	https://arquivo.pt/wayback/20060907060623/http://www.rr.pt/noticia.asp?idnoticia=127194	Santana	Sócrates	https://www.wikidata.org/wiki/Q239248	https://www.wikidata.org/wiki/Q182367
Nobre Guedes apela a bloqueio a Sócrates	ent1_opposes_ent2	 	2006-08-28	https://arquivo.pt/wayback/20060828235030/http://www.rr.pt/noticia.asp?idnoticia=126592	Nobre Guedes	Sócrates	https://www.wikidata.org/wiki/Q10321580	https://www.wikidata.org/wiki/Q182367
"Ribeiro e Castro manifesta grande concordância"" com discurso de Cavaco Silva"	ent1_supports_ent2	 	2006-03-09	http://publico.pt/1250202	Ribeiro e Castro	Cavaco Silva	https://www.wikidata.org/wiki/Q1386216	https://www.wikidata.org/wiki/Q57398
"Nobre Guedes ""mina"" caminho a Sócrates"	ent1_opposes_ent2	 	2005-02-16	https://arquivo.pt/wayback/20050216190723/http://www.rr.pt/noticia.asp?idnoticia=125573	Nobre Guedes	Sócrates	https://www.wikidata.org/wiki/Q10321580	https://www.wikidata.org/wiki/Q182367
Santana Lopes passou das marcas, diz Sócrates	ent2_opposes_ent1	 	2005-02-09	https://arquivo.pt/wayback/20050209091720/http://www.rr.pt/noticia.asp?idnoticia=126460	Santana Lopes	Sócrates	https://www.wikidata.org/wiki/Q239248	https://www.wikidata.org/wiki/Q182367
"Nuno Melo. ""Miguel Relvas diz muita coisa, mas a privatização da RTP tem de ser ponderada"""	ent1_opposes_ent2	 	2012-01-03	https://arquivo.pt/wayback/20120103191225/http://www.ionline.pt/portugal/nuno-melo-miguel-relvas-diz-muita-coisa-privatizacao-da-rtp-tem-ser-ponderada	Nuno Melo	Miguel Relvas	https://www.wikidata.org/wiki/Q10338219	https://www.wikidata.org/wiki/Q527722
Nuno Melo considera ser necessário recuperar dinheiro que Joe Berardo deve	other	 	2019-05-17	https://arquivo.pt/wayback/20190517181136/https://www.rtp.pt/noticias/europeias2019/nuno-melo-considera-ser-necessario-recuperar-dinheiro-que-joe-berardo-deve_v1148088	Nuno Melo	Joe Berardo	https://www.wikidata.org/wiki/Q10338219	https://www.wikidata.org/wiki/Q3186200
Sócrates considera irresponsável posição de Durão Barroso quanto à co-incineração	ent1_opposes_ent2	 	2002-01-21	https://publico.pt/59807	Sócrates	Durão Barroso	https://www.wikidata.org/wiki/Q182367	https://www.wikidata.org/wiki/Q15849
Europeias: Nuno Melo defende que seja retirada condecoração a Berardo	ent1_opposes_ent2	 	2019-05-23	https://arquivo.pt/wayback/20190523011020/https://www.dn.pt/lusa/interior/amp/europeias-nuno-melo-defende-que-seja-retirada-condecoracao-a-berardo--10898765.html	Nuno Melo	Berardo	https://www.wikidata.org/wiki/Q10338219	https://www.wikidata.org/wiki/Q3186200
Paulo Campos desmente convite a Joana Amaral Dias para listas do PS	other	 	2009-07-29	https://publico.pt/1393853	Paulo Campos	Joana Amaral Dias	None	https://www.wikidata.org/wiki/Q6205661
"Paulo Campos: ""Obviamente que acredito na inocência de José Sócrates"""	ent1_supports_ent2	 	2014-12-01	https://arquivo.pt/wayback/20141201081939/http://economico.sapo.pt/noticias/nprint/206802	Paulo Campos	José Sócrates	None	https://www.wikidata.org/wiki/Q182367
Cavaco segundo Santana Lopes	other		1994-05-08	chave?q=PUBLICO-19940508-078	Cavaco	Santana Lopes	https://www.wikidata.org/wiki/Q57398	https://www.wikidata.org/wiki/Q239248
Pedido de prisão de Lula é um ato de injustiça, afirma Dilma Rousseff	ent2_supports_ent1		2016-03-15	https://arquivo.pt/wayback/20160315213355/http://observador.pt/2016/03/11/pedido-prisao-lula-um-ato-injustica-afirma-dilma-rousseff/	Lula	Dilma Rousseff	https://www.wikidata.org/wiki/Q37181	https://www.wikidata.org/wiki/Q40722
Tomada de posse de Lula: os golpes começam assim, diz Dilma	other		2016-03-17	https://arquivo.pt/wayback/20160317182729/http://expresso.sapo.pt/internacional/2016-03-17-Tomada-de-posse-de-Lula-os-golpes-comecam-assim-diz-Dilma	Lula	Dilma	https://www.wikidata.org/wiki/Q37181	https://www.wikidata.org/wiki/Q40722
Lula da Silva e Dilma Rousseff afirmam que acusação da PGR do Brasil não tem fundamento	other		2017-09-07	https://arquivo.pt/wayback/20170907005336/https://www.rtp.pt/noticias/mundo/lula-da-silva-e-dilma-rousseff-afirmam-que-acusacao-da-pgr-do-brasil-nao-tem-fundamento_n1025330	Lula da Silva	Dilma Rousseff	https://www.wikidata.org/wiki/Q37181	https://www.wikidata.org/wiki/Q40722
Lula, Dilma e antigos ministros do PT constituídos arguidos por organização criminosa	other		2018-11-24	https://arquivo.pt/wayback/20181124191022/https://www.publico.pt/2018/11/23/mundo/noticia/lula-dilma-antigos-ministros-constituidos-arguidos-chamado-quadrilhao-pt-1852254/amp	Lula	Dilma	https://www.wikidata.org/wiki/Q37181	https://www.wikidata.org/wiki/Q40722
Lula da Silva e Dilma Rousseff processados por associação criminosa	other		2018-12-09	https://arquivo.pt/wayback/20181209051628/https://zap.aeiou.pt/lula-silva-dilma-rousseff-associacao-criminosa-228249	Lula da Silva	Dilma Rousseff	https://www.wikidata.org/wiki/Q37181	https://www.wikidata.org/wiki/Q40722
Lula da Silva, Dilma Rousseff e três políticos do PT acusados de organização criminosa	other		2018-12-19	https://arquivo.pt/wayback/20181219184754/https://www.sabado.pt/mundo/america/detalhe/lula-da-silva-dilma-rousseff-e-tres-politicos-do-pt-acusados-de-organizacao-criminosa?ref=HP_DestaquesPrincipais	Lula da Silva	Dilma Rousseff	https://www.wikidata.org/wiki/Q37181	https://www.wikidata.org/wiki/Q40722
Perseguição a Lula mostra que direita não tem candidato às presidenciais do Brasil, diz Rousseff	ent2_supports_ent1		2017-12-09	https://arquivo.pt/wayback/20171209193248/http://observador.pt/2017/12/09/perseguicao-a-lula-mostra-que-direita-nao-tem-candidato-as-presidenciais-do-brasil-diz-rousseff/	Lula	Rousseff	https://www.wikidata.org/wiki/Q37181	https://www.wikidata.org/wiki/Q40722
Lula sobe nas sondagens. Maioria aprova destituição de Dilma	other		2016-04-11	https://arquivo.pt/wayback/20160411215456/http://www.dn.pt/mundo/interior/lula-sobe-nas-sondagens-maioria-aprova-destituicao-de-dilma-5119719.html?utm_source=feedburner&utm_medium=feed&utm_campaign=Feed%3A+DN-Globo+%28DN+-+Globo%29	Lula	Dilma	https://www.wikidata.org/wiki/Q37181	https://www.wikidata.org/wiki/Q40722
Miguel Macedo: Reacções mostram que escolha de Fernando Nobre pelo PSD foi acertada	other		2011-04-12	https://arquivo.pt/wayback/20110412221746/http://www.ionline.pt/conteudo/116690-miguel-macedo-reaccoes-mostram-que-escolha-fernando-nobre-pelo-psd-foi-acertada	Miguel Macedo	Fernando Nobre	https://www.wikidata.org/wiki/Q3131021	https://www.wikidata.org/wiki/Q3069519
"Miguel Macedo: Programa do PS podia chamar-se ""Esmiúça as palavras do Passos Coelho"""	other		2011-05-29	https://arquivo.pt/wayback/20110529015035/http://www.sabado.pt//Ultima-hora/Dinheiro/Miguel-Macedo--Programa-do-PS-podia-chamar-se--quo.aspx	Miguel Macedo	Passos Coelho	https://www.wikidata.org/wiki/Q3131021	https://www.wikidata.org/wiki/Q57615
Amigos incriminam Macedo e Marques Mendes sabia dos favorecimentos dos Vistos Gold	other		2016-06-14	https://arquivo.pt/wayback/20160614191825/http://visao.sapo.pt/actualidade/portugal/2016-05-30-Amigos-incriminam-Macedo-e-Marques-Mendes-sabia-dos-favorecimentos-dos-Vistos-Gold	Macedo	Marques Mendes	https://www.wikidata.org/wiki/Q3131021	https://www.wikidata.org/wiki/Q550243
PS: Lucidez de Miguel Macedo contrasta com a falta de lucidez de Passos Coelho	other		2014-11-17	https://arquivo.pt/wayback/20141117202036/http://www.jornaldenegocios.pt/economia/politica/detalhe/ps_lucidez_de_miguel_macedo_contrasta_com_a_falta_de_lucidez_de_passos_coelho.html	Miguel Macedo	Passos Coelho	https://www.wikidata.org/wiki/Q3131021	https://www.wikidata.org/wiki/Q57615
Aguiar-Branco considera que Miguel Macedo pode trazer valor acrescentado	ent1_supports_ent2		2010-04-08	https://publico.pt/1431369	Aguiar-Branco	Miguel Macedo	https://www.wikidata.org/wiki/Q1555060	https://www.wikidata.org/wiki/Q3131021
"Afirmações de Sócrates sobre PSD são ""uma mentira"", diz Miguel Macedo"	ent2_opposes_ent1		2011-02-08	https://arquivo.pt/wayback/20110208005836/http://www.ionline.pt/conteudo/103006-afirmacoes-socrates-psd-sao-uma-mentira-diz-miguel-macedo-	Sócrates	Miguel Macedo	https://www.wikidata.org/wiki/Q182367	https://www.wikidata.org/wiki/Q3131021
Capoulas diz a Macedo para ter tino e compostura	ent1_opposes_ent2		2011-02-08	https://arquivo.pt/wayback/20110208222706/http://www.ionline.pt/conteudo/103191-capoulas-diz-macedo-ter-tino-e-compostura	Capoulas	Macedo	https://www.wikidata.org/wiki/Q3496740	https://www.wikidata.org/wiki/Q3131021
Marques Mendes. André Ventura nunca deveria ter sido candidato em Loures	ent1_opposes_ent2		2017-08-01	https://arquivo.pt/wayback/20170801235046/http://observador.pt/2017/07/23/marques-mendes-andre-ventura-nunca-deveria-ter-sido-candidato-em-loures/embed/	Marques Mendes	André Ventura	https://www.wikidata.org/wiki/Q550243	https://www.wikidata.org/wiki/Q69935603
"Costa considera que manutenção de Ventura como candidato ""desonra"" Passos"	ent1_opposes_ent2		2018-08-04	https://arquivo.pt/wayback/20180804033035/https://www.dn.pt/portugal/interior/autarquicas-costa-considera-que-manutencao-do-candidato-do-psd-em-loures-desonra-passos-8646969.html	Costa	Ventura	https://www.wikidata.org/wiki/Q610788	https://www.wikidata.org/wiki/Q69935603
André Ventura diz-se surpreendido com perda de apoio de Cristas	ent2_opposes_ent1		2017-07-20	https://arquivo.pt/wayback/20170720035119/https://sol.sapo.pt/artigo/572806/andre-ventura-diz-se-surpreendido-com-perda-de-apoio-de-cristas	André Ventura	Cristas	https://www.wikidata.org/wiki/Q69935603	https://www.wikidata.org/wiki/Q439377
Teresa Leal Coelho, candidata à Câmara de Lisboa e vice do PSD, repudia declarações de André Ventura	ent1_opposes_ent2		2017-07-18	https://arquivo.pt/wayback/20170718191512/http://observador.pt/2017/07/17/teresa-leal-coelho-candidata-a-camara-de-lisboa-e-vice-do-psd-repudia-declaracoes-de-andre-ventura-sobre-comunidade-cigana/	Teresa Leal Coelho	André Ventura	https://www.wikidata.org/wiki/Q30934991	https://www.wikidata.org/wiki/Q69935603
Bernardino Soares lamenta declarações de André Ventura e nega favorecimentos	ent1_opposes_ent2		2017-07-18	https://arquivo.pt/wayback/20170718231644/https://www.rtp.pt/noticias/politica/bernardino-soares-lamenta-declaracoes-de-andre-ventura-e-nega-favorecimentos_n1015591	Bernardino Soares	André Ventura	https://www.wikidata.org/wiki/Q9169371	https://www.wikidata.org/wiki/Q69935603
Passos Coelho tranquilo com decisão de apoiar a André Ventura, CDS-PP abandona coligação	ent1_supports_ent2		2017-07-19	https://arquivo.pt/wayback/20170719190941/http://observador.pt/2017/07/18/cds-retira-apoio-a-coligacao-em-loures/	Passos Coelho	André Ventura	https://www.wikidata.org/wiki/Q57615	https://www.wikidata.org/wiki/Q69935603
Marques Mendes contra candidatura de Ventura	ent1_opposes_ent2		2017-07-25	https://arquivo.pt/wayback/20170725030625/https://sol.sapo.pt/artigo/573466/marques-mendes-contra-candidatura-de-ventura	Marques Mendes	Ventura	https://www.wikidata.org/wiki/Q550243	https://www.wikidata.org/wiki/Q69935603
Sócrates compreende razões do veto de Cavaco	other		2009-06-09	https://publico.pt/1385973	Sócrates	Cavaco	https://www.wikidata.org/wiki/Q182367	https://www.wikidata.org/wiki/Q57398
José Sócrates e Cavaco Silva: Lutar pelo comando de Oeiras	other		2010-11-19	https://arquivo.pt/wayback/20101119194732/http://dn.sapo.pt/inicio/portugal/interior.aspx?content_id=1714564	José Sócrates	Cavaco Silva	https://www.wikidata.org/wiki/Q182367	https://www.wikidata.org/wiki/Q57398
"Sócrates aguarda com ""tranquilidade"" decisão de Cavaco"	other		2011-01-27	https://arquivo.pt/wayback/20110127170125/http://www.rr.pt/informacao_detalhe.aspx?fid=92&did=101319	Sócrates	Cavaco	https://www.wikidata.org/wiki/Q182367	https://www.wikidata.org/wiki/Q57398
José Sócrates entra na campanha com críticas a Cavaco Silva	ent1_opposes_ent2		2011-01-28	https://arquivo.pt/wayback/20110128133528/http://www.rr.pt/informacao_detalhe.aspx?fid=1232&did=137404	José Sócrates	Cavaco Silva	https://www.wikidata.org/wiki/Q182367	https://www.wikidata.org/wiki/Q57398
Sócrates: Cavaco não deve ser chamado a assinar acordo com troika- Eleições	other		2011-04-29	https://arquivo.pt/wayback/20110429212112/http://www.jornaldenegocios.pt/home.php?template=SHOWNEWS_V2&id=481023	Sócrates	Cavaco	https://www.wikidata.org/wiki/Q182367	https://www.wikidata.org/wiki/Q57398
"José Sócrates ""bate"" em Cavaco Silva e pede um Presidente da República imparcial"	ent1_opposes_ent2		2016-01-25	https://arquivo.pt/wayback/20160125001815/http://www.dnoticias.pt/actualidade/pais/564132-jose-socrates-bate-em-cavaco-silva-e-pede-um-presidente-da-republica-imparci	José Sócrates	Cavaco Silva	https://www.wikidata.org/wiki/Q182367	https://www.wikidata.org/wiki/Q57398
"Sócrates garante ""leal cooperação"" com Cavaco Silva"	other		2011-01-28	https://arquivo.pt/wayback/20110128090753/http://www.rr.pt/informacao_detalhe.aspx?fid=1232&did=138825	Sócrates	Cavaco Silva	https://www.wikidata.org/wiki/Q182367	https://www.wikidata.org/wiki/Q57398
Presidenciais: Sócrates promete empenhar-se numa cooperação leal com Cavaco Silva	other		2011-01-25	https://arquivo.pt/wayback/20110125042110/http://noticias.sapo.pt/lusa/artigo/12027326.html	Sócrates	Cavaco Silva	https://www.wikidata.org/wiki/Q182367	https://www.wikidata.org/wiki/Q57398
Sócrates desvaloriza veto de Cavaco Silva	other		2006-06-14	https://arquivo.pt/wayback/20060614185921/http://dn.sapo.pt/2006/06/04/nacional/socrates_desvaloriza_veto_cavaco_sil.html	Sócrates	Cavaco Silva	https://www.wikidata.org/wiki/Q182367	https://www.wikidata.org/wiki/Q57398
"""10 Junho: Cavaco defende ""ímpeto reformista"" na Defesa, Sócrates vaiado"	other		2007-09-17	https://arquivo.pt/wayback/20070917050228/http://noticias.sapo.pt/lusa/artigo/EbniVGLB3bPHSV7WIQYEhA.html	Cavaco	Sócrates	https://www.wikidata.org/wiki/Q57398	https://www.wikidata.org/wiki/Q182367
Cavaco Silva tornou Sócrates um institucionalista	other		2011-04-18	https://arquivo.pt/wayback/20110418040518/http://www.ionline.pt/conteudo/25828-cavaco-silva-tornou-socrates-um-institucionalista	Cavaco Silva	Sócrates	https://www.wikidata.org/wiki/Q57398	https://www.wikidata.org/wiki/Q182367
Cavaco acredita que detenção de Sócrates não afecta imagem externa do país	other		2015-12-29	https://publico.pt/1677524	Cavaco	Sócrates	https://www.wikidata.org/wiki/Q57398	https://www.wikidata.org/wiki/Q182367
"Num caso cheio de decisões ""verbais"", Costa nega ""falha"" e Centeno ""falsidades"""	other		2016-05-18	https://publico.pt/1729551	Costa	Centeno	https://www.wikidata.org/wiki/Q610788	https://www.wikidata.org/wiki/Q21568721
"Costa corrige Centeno: ""Não faz o menor sentido falar de qualquer resgate"""	ent1_opposes_ent2		2016-09-14	https://arquivo.pt/wayback/20160914172257/http://expresso.sapo.pt/politica/2016-09-14-Costa-corrige-Centeno-Nao-faz-o-menor-sentido-falar-de-qualquer-resgate	Costa	Centeno	https://www.wikidata.org/wiki/Q610788	https://www.wikidata.org/wiki/Q21568721
Costa diz que Centeno está reforçado com défice e capitalização da CGD	ent1_supports_ent2		2016-11-15	https://arquivo.pt/wayback/20161115214132/http://www.jn.pt/nacional/interior/costa-diz-que-centeno-esta-reforcado-com-defice-e-capitalizacao-da-cgd-5499693.html?utm_source=feedburner&utm_medium=feed&utm_campaign=Feed%3A+JN-ULTIMAS+%28JN+-+Ultimas%29	Costa	Centeno	https://www.wikidata.org/wiki/Q610788	https://www.wikidata.org/wiki/Q21568721
Costa garante que Centeno não mentiu sobre CGD	ent1_supports_ent2		2017-02-08	https://arquivo.pt/wayback/20170208191351/http://www.jn.pt/nacional/interior/costa-garante-que-centeno-nao-mentiu-sobre-cgd-5656177.html	Costa	Centeno	https://www.wikidata.org/wiki/Q610788	https://www.wikidata.org/wiki/Q21568721
"António Costa reafirma confiança em Centeno e acusa PSD e CDS de ""tricas"""	ent1_supports_ent2		2017-02-16	https://arquivo.pt/wayback/20170216202924/http://www.dnoticias.pt/pais/antonio-costa-reafirma-confianca-em-centeno-e-acusa-psd-e-cds-de-tricas-AA893255	António Costa	Centeno	https://www.wikidata.org/wiki/Q610788	https://www.wikidata.org/wiki/Q21568721
"António Costa frisa que demissão de Centeno ""está fora de questão"""	ent1_supports_ent2		2017-02-11	https://arquivo.pt/wayback/20170211000735/https://sol.sapo.pt/artigo/548277	António Costa	Centeno	https://www.wikidata.org/wiki/Q610788	https://www.wikidata.org/wiki/Q21568721
"António Costa: Oposição não gosta de Mário Centeno ""porque fez o menor défice"""	other		2017-02-18	https://arquivo.pt/wayback/20170218180549/http://expresso.sapo.pt/politica/2017-02-18-Antonio-Costa-Oposicao-nao-gosta-de-Mario-Centeno-porque-fez-o-menor-defice	António Costa	Mário Centeno	https://www.wikidata.org/wiki/Q610788	https://www.wikidata.org/wiki/Q21568721
Costa diz que oposição não gosta de Centeno porque este conseguiu o défice mais baixo	other		2017-02-19	https://arquivo.pt/wayback/20170219220323/https://www.rtp.pt/noticias/politica/costa-diz-que-oposicao-nao-gosta-de-centeno-porque-este-conseguiu-o-defice-mais-baixo_n983868	Costa	Centeno	https://www.wikidata.org/wiki/Q610788	https://www.wikidata.org/wiki/Q21568721
"Costa reafirma confiança em Centeno. Demissão está ""fora de questão"""	ent1_supports_ent2		2017-02-25	https://arquivo.pt/wayback/20170225181831/http://www.dn.pt/portugal/interior/costa-reafirma-confianca-em-centeno-e-acusa-psd-e-cds-de-tricas-5659964.html?utm_source=feedburner&utm_medium=feed&utm_campaign=Feed%3A+DN-Portugal+%28DN+-+Portugal%29	Costa	Centeno	https://www.wikidata.org/wiki/Q610788	https://www.wikidata.org/wiki/Q21568721
Costa e Centeno falam sobre Novo Banco às 19h	other		2017-04-01	https://arquivo.pt/wayback/20170401224439/https://ionline.sapo.pt/artigo/556223/costa-e-centeno-falam-sobre-novo-banco-as-19h?seccao=Dinheiro_i	Costa	Centeno	https://www.wikidata.org/wiki/Q610788	https://www.wikidata.org/wiki/Q21568721
Costa diz que eleição de Centeno reflete trabalho do Governo	other		2017-12-06	https://arquivo.pt/wayback/20171206005416/https://www.jn.pt/economia/interior/costa-diz-que-eleicao-de-centeno-reflete-trabalho-do-governo-8963216.html	Costa	Centeno	https://www.wikidata.org/wiki/Q610788	https://www.wikidata.org/wiki/Q21568721
Costa garante que Centeno não sai mesmo que seja arguido	ent1_supports_ent2		2018-01-29	https://arquivo.pt/wayback/20180129214129/http://www.jornaldenegocios.pt/economia/politica/detalhe/costa-centeno-continua-e-vai-continuar-como-ministro-das-financas?act=0&est=Aberto	Costa	Centeno	https://www.wikidata.org/wiki/Q610788	https://www.wikidata.org/wiki/Q21568721
Costa não demite Centeno mesmo que seja constituído arguido	ent1_supports_ent2		2018-01-29	https://arquivo.pt/wayback/20180129235910/https://www.jn.pt/nacional/interior/antonio-costa-mantem-toda-a-confianca-no-ministro-das-financas-9082850.html	Costa	Centeno	https://www.wikidata.org/wiki/Q610788	https://www.wikidata.org/wiki/Q21568721
"Costa não comenta ""tricas políticas"" com ""referencial de confiança"" que é Mário Centeno"	ent1_supports_ent2		2017-03-03	https://arquivo.pt/wayback/20170303032915/http://observador.pt/2017/02/10/costa-nao-comenta-tricas-politicas-com-referencial-de-confianca-que-e-mario-centeno/	Costa	Mário Centeno	https://www.wikidata.org/wiki/Q610788	https://www.wikidata.org/wiki/Q21568721
"Costa: ""Só um primeiro-ministro insano"" demitiria Centeno"	other		2017-02-24	https://publico.pt/1763212	Costa	Centeno	https://www.wikidata.org/wiki/Q610788	https://www.wikidata.org/wiki/Q21568721
"Costa reafirma confiança em Centeno e acusa PSD e CDS de ""tricas"""	ent1_supports_ent2		2017-02-18	https://arquivo.pt/wayback/20170218170922/http://expresso.sapo.pt/politica/2017-02-10-Costa-reafirma-confianca-em-Centeno-e-acusa-PSD-e-CDS-de-tricas	Costa	Centeno	https://www.wikidata.org/wiki/Q610788	https://www.wikidata.org/wiki/Q21568721
Costa defende que Centeno está reforçado com resultados do défice e capitalização da CGD	ent1_supports_ent2		2016-11-15	https://arquivo.pt/wayback/20161115222731/http://dinheirodigital.sapo.pt/news.asp?id_news=257111	Costa	Centeno	https://www.wikidata.org/wiki/Q610788	https://www.wikidata.org/wiki/Q21568721
António Costa em debates com defesa europeia e Mário Centeno na agenda	other		2017-12-06	https://publico.pt/1795103	António Costa	Mário Centeno	https://www.wikidata.org/wiki/Q610788	https://www.wikidata.org/wiki/Q21568721
Costa considera eleição de Centeno o reconhecimento da credibilidade de Portugal	other		2017-12-08	https://arquivo.pt/wayback/20171208040056/http://www.dnoticias.pt/pais/costa-considera-eleicao-de-centeno-o-reconhecimento-da-credibilidade-de-portugal-YG2448375	Costa	Centeno	https://www.wikidata.org/wiki/Q610788	https://www.wikidata.org/wiki/Q21568721
António Costa diz que Centeno informou Presidente eleito sobre situação financeira	other		2016-02-16	https://arquivo.pt/wayback/20160216213947/http://economico.sapo.pt/noticias/antonio-costa-diz-que-centeno-informou-presidente-eleito-sobre-situacao-financeira_242750.html	António Costa	Centeno	https://www.wikidata.org/wiki/Q610788	https://www.wikidata.org/wiki/Q21568721
"Costa garante 35 horas para todos, Centeno fala em ""período de adaptação"""	other		2016-05-19	https://arquivo.pt/wayback/20160519231431/http://observador.pt/2016/05/17/costa-garante-35-horas-centeno-fala-periodo-adaptacao/	Costa	Centeno	https://www.wikidata.org/wiki/Q610788	https://www.wikidata.org/wiki/Q21568721
"Banif: Centeno desmente Bruxelas e Costa rebate narrativa da ""falha grave"""	other		2016-06-11	https://arquivo.pt/wayback/20160611221703/http://economico.sapo.pt/noticias/banif-centeno-desmente-bruxelas-e-costa-rebate-narrativa-da-falha-grave_247589.html	Centeno	Costa	https://www.wikidata.org/wiki/Q21568721	https://www.wikidata.org/wiki/Q610788
Caixa. Centeno acusado de mentir. Costa desafiado a demitir ministro	other		2017-08-11	https://arquivo.pt/wayback/20170811125840/https://ionline.sapo.pt/artigo/548213/caixa-centeno-acusado-de-mentir-costa-desafiado-a-demitir-ministro-?seccao=Portugal_i	Centeno	Costa	https://www.wikidata.org/wiki/Q21568721	https://www.wikidata.org/wiki/Q610788
Marisa e Catarina dançam nas ruas. O BE já não disfarça a alegria	other		2019-05-19	https://publico.pt/1873208	Marisa	Catarina	https://www.wikidata.org/wiki/Q440355	https://www.wikidata.org/wiki/Q612666
"Jerónimo não compreende ""contentamento"" de Centeno"	ent1_opposes_ent2		2017-05-28	https://arquivo.pt/wayback/20170528171231/https://ionline.sapo.pt/565298	Jerónimo	Centeno	https://www.wikidata.org/wiki/Q1688029	https://www.wikidata.org/wiki/Q21568721
Cavaco oferece decantador a Obama, presidente dos EUA retribui com cópia de tratado de 1840	other		2010-11-18	https://publico.pt/1466882	Cavaco	Obama	https://www.wikidata.org/wiki/Q57398	https://www.wikidata.org/wiki/Q76
Cavaco Silva envia mensagem a Obama manifestando “profunda solidariedade com o povo norte-americano”	other		2011-09-11	https://publico.pt/1511424	Cavaco Silva	Obama	https://www.wikidata.org/wiki/Q57398	https://www.wikidata.org/wiki/Q76
Cavaco Silva envia mensagem a Obama manifestando profunda solidariedade com o povo norte-americano	other		2011-09-12	https://arquivo.pt/wayback/20110912032750/http://www.ionline.pt/conteudo/148670-cavaco-silva-envia-mensagem-obama-manifestando-profunda-solidariedade-com-o-povo-norte-americano	Cavaco Silva	Obama	https://www.wikidata.org/wiki/Q57398	https://www.wikidata.org/wiki/Q76
"Cavaco envia mensagem a Obama manifestando ""profunda solidariedade"""	other		2011-09-23	https://arquivo.pt/wayback/20110923224515/http://sol.sapo.pt/inicio/Politica/Interior.aspx?content_id=28234	Cavaco	Obama	https://www.wikidata.org/wiki/Q57398	https://www.wikidata.org/wiki/Q76
Cavaco agradado com referência elogiosa de Obama a Portugal	other		2012-02-26	https://arquivo.pt/wayback/20120226211825/http://www.ionline.pt/portugal/cavaco-agradado-referencia-elogiosa-obama-portugal	Cavaco	Obama	https://www.wikidata.org/wiki/Q57398	https://www.wikidata.org/wiki/Q76
Cavaco enviou mensagem de pesar a Obama pelo tiroteio em escola	other		2012-12-16	https://arquivo.pt/wayback/20121216191134/http://www.jn.pt/PaginaInicial/Politica/Interior.aspx?content_id=2949697	Cavaco	Obama	https://www.wikidata.org/wiki/Q57398	https://www.wikidata.org/wiki/Q76
Cavaco envia mensagem de pesar a Obama pelo tiroteio em escola nos EUA	other		2012-12-16	https://publico.pt/1577607	Cavaco	Obama	https://www.wikidata.org/wiki/Q57398	https://www.wikidata.org/wiki/Q76
"11 setembro: Cavaco Silva envia mensagem a Obama manifestando ""profunda solidariedade com o povo nor"	other		2017-08-16	https://arquivo.pt/wayback/20170816212846/http://noticias.sapo.pt/especial/11setembro/noticias/2011/09/11/11_setembro_cavaco_silva_envia_mensagem_a_obama_manifestando_pro/index.html	Cavaco Silva	Obama	https://www.wikidata.org/wiki/Q57398	https://www.wikidata.org/wiki/Q76
Cavaco Silva envia mensagem de pesar a Obama	other		2018-04-19	https://arquivo.pt/wayback/20180419213910/http://www.dnoticias.pt/hemeroteca/360455-cavaco-silva-envia-mensagem-de-pesar-a-obama-EPDN360455	Cavaco Silva	Obama	https://www.wikidata.org/wiki/Q57398	https://www.wikidata.org/wiki/Q76
Mário Machado ouvido sobre alegado favorecimento da família de Sócrates	other		2011-06-19	https://arquivo.pt/wayback/20110619150500/http://sol.sapo.pt/inicio/Sociedade/Interior.aspx?content_id=22037	Mário Machado	Sócrates	https://www.wikidata.org/wiki/Q60780752	https://www.wikidata.org/wiki/Q182367
Machado ouvido em caso de alegado favorecimento de Sócrates	other		2011-06-19	https://arquivo.pt/wayback/20110619164806/http://www.sabado.pt/Ultima-hora/Sociedade/Machado-ouvido-em-caso-de-alegado-favorecimento-de.aspx	Machado	Sócrates	https://www.wikidata.org/wiki/Q60780752	https://www.wikidata.org/wiki/Q182367
Mário Machado confirma documentos sobre alegado favorecimento da família de Sócrates	other		2011-06-21	https://arquivo.pt/wayback/20110621002001/http://www.jn.pt/PaginaInicial/Policia/Interior.aspx?content_id=1883662	Mário Machado	Sócrates	https://www.wikidata.org/wiki/Q60780752	https://www.wikidata.org/wiki/Q182367
Mário Machado ouvido em caso sobre declarações de alegado favorecimento da família de Sócrates	other		2011-06-22	https://arquivo.pt/wayback/20110622012036/http://www.ionline.pt/conteudo/131373--mario-machado-ouvido-em-caso-declaracoes-alegado-favorecimento-da-familia-socrates	Mário Machado	Sócrates	https://www.wikidata.org/wiki/Q60780752	https://www.wikidata.org/wiki/Q182367
Mário Machado ouvido em caso de alegado favorecimento de Sócrates	other		2011-06-24	https://arquivo.pt/wayback/20110624014820/http://www.jn.pt/PaginaInicial/Nacional/Interior.aspx?content_id=1882662	Mário Machado	Sócrates	https://www.wikidata.org/wiki/Q60780752	https://www.wikidata.org/wiki/Q182367
Machado testemunha favorecimento a família de Sócrates	other		2011-06-22	https://arquivo.pt/wayback/20110622034146/http://www.dn.pt/Inicio/interior.aspx?content_id=1882705	Machado	Sócrates	https://www.wikidata.org/wiki/Q60780752	https://www.wikidata.org/wiki/Q182367
Mário Machado atesta veracidade dos documentos sobre favorecimento da família de Sócrates	other		2011-06-24	https://arquivo.pt/wayback/20110624000947/http://sol.sapo.pt/inicio/Sociedade/Interior.aspx?content_id=22170	Mário Machado	Sócrates	https://www.wikidata.org/wiki/Q60780752	https://www.wikidata.org/wiki/Q182367
Marques Mendes diz que Belmiro está «perturbado»	ent1_opposes_ent2		1999-11-05	https://arquivo.pt/wayback/19991105051332/http://www.expresso.pt/ed1337/pu014.asp	Marques Mendes	Belmiro	https://www.wikidata.org/wiki/Q550243	https://www.wikidata.org/wiki/Q349505
Guterres hoje pela primeira vez na campanha de Sampaio	ent1_supports_ent2		2001-01-07	https://publico.pt/6043	Guterres	Sampaio	https://www.wikidata.org/wiki/Q311440	https://www.wikidata.org/wiki/Q156780
EXPRESSO On.Line: Jorge Coelho defende Edite Estrela	ent1_supports_ent2		2001-02-23	https://arquivo.pt/wayback/20010223153533/http://online.expresso.pt/noticia/default.asp?id_noticia=24723002	Jorge Coelho	Edite Estrela	https://www.wikidata.org/wiki/Q3183808	https://www.wikidata.org/wiki/Q3047625
Álvaro Almeida impugna sigla da candidatura de Rui Moreira	ent1_opposes_ent2		2017-10-03	https://arquivo.pt/wayback/20171003035822/http://expresso.sapo.pt/politica/2017-08-10-Alvaro-Almeida-impugna-sigla-da-candidatura-de-Rui-Moreira	Álvaro Almeida	Rui Moreira	None	https://www.wikidata.org/wiki/Q16940732
"Passos Coelho ""insultou 500 mil portugueses"", acusa José Sócrates"	ent2_opposes_ent1		2011-05-22	https://arquivo.pt/wayback/20110522215749/http://www.rr.pt/informacao_detalhe.aspx?fid=1238&did=155968	Passos Coelho	José Sócrates	https://www.wikidata.org/wiki/Q57615	https://www.wikidata.org/wiki/Q182367
Passos Coelho defende que Sócrates não tem perdão e diz que não governará com PS	ent1_opposes_ent2		2017-02-27	https://arquivo.pt/wayback/20170227230831/http://noticias.sapo.pt/info/artigo/1150454	Passos Coelho	Sócrates	https://www.wikidata.org/wiki/Q57615	https://www.wikidata.org/wiki/Q182367
"Pinhal ataca papel de Sócrates e Constâncio no BCP. ""Maledicência"", diz o antigo PM"	other		2019-06-16	https://arquivo.pt/wayback/20190616193924/https://www.dn.pt/edicao-do-dia/12-jun-2019/interior/amp/pinhal-ataca-papel-de-socrates-e-constancio-no-bcp-maledicencia-diz-o-antigo-pm-11001353.html	Sócrates	Constâncio	https://www.wikidata.org/wiki/Q182367	https://www.wikidata.org/wiki/Q529992
Vitorino rejeita apelo de Sócrates	ent1_opposes_ent2		2006-01-04	https://arquivo.pt/wayback/20060104064005/http://dn.sapo.pt/2005/06/15/nacional/vitorino_rejeita_apelo_socrates.html	Vitorino	Sócrates	https://www.wikidata.org/wiki/Q200941	https://www.wikidata.org/wiki/Q182367
Sampaio e Vitorino depoem no processo Face Oculta	other		2011-01-24	https://arquivo.pt/wayback/20110124164753/http://www.jn.pt/PaginaInicial/Policia/Interior.aspx?content_id=1765145	Sampaio	Vitorino	https://www.wikidata.org/wiki/Q156780	https://www.wikidata.org/wiki/Q200941
Guterres convence António Costa a continuar no Governo	ent1_supports_ent2		2000-12-04	https://publico.pt/2441	Guterres	António Costa	https://www.wikidata.org/wiki/Q311440	https://www.wikidata.org/wiki/Q610788
Mira Amaral aponta o dedo a Guterres e Sócrates	other		2018-08-03	https://publico.pt/1836904	Guterres	Sócrates	https://www.wikidata.org/wiki/Q311440	https://www.wikidata.org/wiki/Q182367
Carrilho «indignado» com o que diz ser apoio do Governo a Bárbara Guimarães	other		2014-11-16	https://arquivo.pt/wayback/20141116024644/http://www.aeiou.pt/quiosque/carrilho-acusa-governo-de-apoiar-barbara-guimaraes-1415742692	Carrilho	Bárbara Guimarães	https://www.wikidata.org/wiki/Q13582493	https://www.wikidata.org/wiki/Q13581707
Carrilho terá ameaçado Bárbara com sniper	other		2017-02-23	https://arquivo.pt/wayback/20170223052857/https://sol.sapo.pt/artigo/550296/carrilho-tera-ameacado-barbara-com-sniper	Carrilho	Bárbara	https://www.wikidata.org/wiki/Q13582493	https://www.wikidata.org/wiki/Q13581707
Carrilho terá ameaçado contratar atirador para matar Bárbara Guimarães	other		2017-03-02	https://arquivo.pt/wayback/20170302185646/https://zap.aeiou.pt/carrilho-tera-ameacado-contratar-atirador-para-matar-barbara-guimaraes-149951	Carrilho	Bárbara Guimarães	https://www.wikidata.org/wiki/Q13582493	https://www.wikidata.org/wiki/Q13581707
"Cristas diz que é ""única alternativa a Fernando Medina"""	other		2017-09-29	https://arquivo.pt/wayback/20170929045923/https://www.jn.pt/local/noticias/lisboa/lisboa/interior/amp/cristas-diz-que-e-unica-alternativa-a-fernando-medina-8806540.html	Cristas	Fernando Medina	https://www.wikidata.org/wiki/Q439377	https://www.wikidata.org/wiki/Q20017756
"Assunção Cristas diz que é ""única alternativa a Fernando Medina"""	other		2017-10-03	https://arquivo.pt/wayback/20171003071238/https://www.tsf.pt/politica/interior/amp/assuncao-cristas-diz-que-e-unica-alternativa-a-fernando-medina-8806518.html	Assunção Cristas	Fernando Medina	https://www.wikidata.org/wiki/Q439377	https://www.wikidata.org/wiki/Q20017756
Críticas de Varoufakis passam ao lado de Centeno	ent1_opposes_ent2		2018-04-27	https://arquivo.pt/wayback/20180427225342/http://sicnoticias.sapo.pt/economia/2018-04-27-Criticas-de-Varoufakis-passam-ao-lado-de-Centeno	Varoufakis	Centeno	https://www.wikidata.org/wiki/Q40688	https://www.wikidata.org/wiki/Q21568721
"Donald Trump ""aperta"" Maduro e este repudia pressão"	ent1_opposes_ent2		2019-02-19	https://arquivo.pt/wayback/20190219210615/http://www.rtp.pt/noticias/mundo/donald-trump-aperta-maduro-e-este-repudia-pressao_a1130059	Donald Trump	Maduro	https://www.wikidata.org/wiki/Q22686	https://www.wikidata.org/wiki/Q58132
Santana Lopes relança Durão Barroso	ent1_supports_ent2		2007-08-22	https://arquivo.pt/wayback/20070822193505/http://dn.sapo.pt/2007/07/04/nacional/santana_lopes_relanca_durao_barroso.html	Santana Lopes	Durão Barroso	https://www.wikidata.org/wiki/Q239248	https://www.wikidata.org/wiki/Q15849
PSD: Mendes acusa Sócrates de projecto pessoal de poder, como nunca visto com o PS	ent1_opposes_ent2		2007-08-16	https://arquivo.pt/wayback/20070816113643/http://noticias.sapo.pt/lusa/artigo/jUWIOrbe0ULRctI9RBSWEQ.html	Mendes	Sócrates	https://www.wikidata.org/wiki/Q550243	https://www.wikidata.org/wiki/Q182367
"Marques Mendes lamenta ""ataques pessoais"" de Luís Filipe Menezes"	ent2_opposes_ent1		2007-08-06	https://publico.pt/1301496	Marques Mendes	Luís Filipe Menezes	https://www.wikidata.org/wiki/Q550243	https://www.wikidata.org/wiki/Q6706787
"Jerónimo de Sousa deseja ""os melhores sucessos"" a Lula da Silva"	ent1_supports_ent2		2006-10-30	https://publico.pt/1274997	Jerónimo de Sousa	Lula da Silva	https://www.wikidata.org/wiki/Q1688029	https://www.wikidata.org/wiki/Q37181
Pedro Silva Pereira coordena moção de José Sócrates ao congresso do PS	ent1_supports_ent2		2006-09-15	https://publico.pt/1270317	Pedro Silva Pereira	José Sócrates	https://www.wikidata.org/wiki/Q2066785	https://www.wikidata.org/wiki/Q182367
Luís Amado escolhe Manuel Lobo Antunes como secretário de Estado dos Assuntos Europeus	ent1_supports_ent2		2006-07-02	https://publico.pt/1262848	Luís Amado	Manuel Lobo Antunes	https://www.wikidata.org/wiki/Q1382641	https://www.wikidata.org/wiki/Q3286873
"Maduro diz que Lula está a ser ""vítima de perseguição judicial"""	ent1_supports_ent2		2018-04-07	https://arquivo.pt/wayback/20180407235613/http://www.rtp.pt/noticias/mundo/maduro-diz-que-lula-esta-a-ser-vitima-de-perseguicao-judicial_v1068579	Maduro	Lula	https://www.wikidata.org/wiki/Q58132	https://www.wikidata.org/wiki/Q37181
José Sócrates e Júlio Pereira perdem processo contra jornalistas em tribunal	other		2011-05-24	https://publico.pt/1495725	José Sócrates	Júlio Pereira	https://www.wikidata.org/wiki/Q182367	https://www.wikidata.org/wiki/Q91901804
Louçã diz que é preciso agradecer o trabalho desenvolvido por Carvalho da Silva	ent1_supports_ent2		2012-01-31	https://arquivo.pt/wayback/20120131055501/http://sicnoticias.sapo.pt/pais/article1264802.ece	Louçã	Carvalho da Silva	https://www.wikidata.org/wiki/Q1442096	https://www.wikidata.org/wiki/Q6752494
"PS; António José Seguro acusa Pedro Passos Coelho de fazer ""tudo pelos mercados"""	ent1_opposes_ent2		2011-12-19	https://arquivo.pt/wayback/20111219005216/http://noticias.sapo.pt/economia/artigo/ps-antonio-jose-seguro-acusa-pedro-passos-coelho-de-fazer-tudo-pelos-mercados_13502870.html	António José Seguro	Pedro Passos Coelho	https://www.wikidata.org/wiki/Q1580316	https://www.wikidata.org/wiki/Q57615
"Cavaco Silva ""abriu caminho"" à ofensiva ao Estado Social, acusa Manuel Alegre"	ent2_opposes_ent1		2012-01-23	https://publico.pt/1530318	Cavaco Silva	Manuel Alegre	https://www.wikidata.org/wiki/Q57398	https://www.wikidata.org/wiki/Q737410
José Luís Arnaut defende Cavaco e acusa PS de lidar mal com a verdade	ent1_supports_ent2		2012-03-11	https://publico.pt/1537198	José Luís Arnaut	Cavaco	https://www.wikidata.org/wiki/Q3186389	https://www.wikidata.org/wiki/Q57398
Guterres e Vitorino reagem no Largo do Carmo às acusações de Cavaco	ent2_opposes_ent1		1994-06-08	https://www.linguateca.pt/CHAVE?PUBLICO-19940608-097	Guterres	Cavaco	https://www.wikidata.org/wiki/Q311440	https://www.wikidata.org/wiki/Q57398
"Durão ""é um trunfo largamente por explorar"",  afirma António Monteiro"	ent2_supports_ent1		2013-06-04	https://publico.pt/1596443	Durão	António Monteiro	https://www.wikidata.org/wiki/Q15849	https://www.wikidata.org/wiki/Q2857765
"Maduro acusa Obama de ""estratégia imperial"" para dominar América Latina"	ent1_opposes_ent2		2016-04-02	https://arquivo.pt/wayback/20160402062846/http://www.dn.pt/mundo/interior/maduro-acusa-obama-de-estrategia-imperial-para-dominar-america-latina-5094404.html	Maduro	Obama	https://www.wikidata.org/wiki/Q58132	https://www.wikidata.org/wiki/Q76
Maduro responsabiliza Trump pela violência que pode ocorrer no país	ent1_opposes_ent2		2019-02-08	https://arquivo.pt/wayback/20190208195924/https://www.tsf.pt/internacional/interior/amp/venezuela-maduro-responsabiliza-trump-pela-violencia-que-possa-ocorrer-no-pais-10502089.html	Maduro	Trump	https://www.wikidata.org/wiki/Q58132	https://www.wikidata.org/wiki/Q22686
"Maduro chama ""racista"" a Mariano Rajoy"	ent1_opposes_ent2		2016-05-01	https://arquivo.pt/wayback/20160501050135/http://www.dn.pt/mundo/interior/maduro-chama-racista-a-mariano-rajoy-5116118.html	Maduro	Mariano Rajoy	https://www.wikidata.org/wiki/Q58132	https://www.wikidata.org/wiki/Q10819
"Putin confirma apoio a Maduro e denuncia ""destrutiva ingerência externa"""	ent1_supports_ent2		2019-01-27	https://arquivo.pt/wayback/20190127044700/https://www.dnoticias.pt/mundo/putin-confirma-apoio-a-maduro-e-denuncia-destrutiva-ingerencia-externa-YL4278652	Putin	Maduro	https://www.wikidata.org/wiki/Q7747	https://www.wikidata.org/wiki/Q58132
"""Destrutiva ingerência externa"": Putin mantém-se ao lado de Maduro"	ent1_supports_ent2		2019-05-07	https://arquivo.pt/wayback/20190507061422/https://jornaleconomico.sapo.pt/noticias/destrutiva-ingerencia-externa-putin-mantem-se-ao-lado-de-maduro-402647	Putin	Maduro	https://www.wikidata.org/wiki/Q7747	https://www.wikidata.org/wiki/Q58132
"PSD que apoia André Ventura ""não é digno de um Estado democrático"", acusa Costa"	ent2_opposes_ent1		2017-09-27	https://arquivo.pt/wayback/20170927133429/http://sicnoticias.sapo.pt/especiais/autarquicas-2017/2017-09-26-PSD-que-apoia-Andre-Ventura-nao-e-digno-de-um-Estado-democratico-acusa-Costa	André Ventura	Costa	https://www.wikidata.org/wiki/Q69935603	https://www.wikidata.org/wiki/Q610788
Costa elogia Pedro Marques, Rio ataca o cabeça de lista socialista ao Parlamento Europeu	ent1_supports_ent2		2019-03-11	https://arquivo.pt/wayback/20190311192812/https://jornaleconomico.sapo.pt/noticias/costa-elogia-pedro-marques-psd-ataca-o-cabeca-de-lista-socialista-ao-parlamento-europeu-420380	Costa	Pedro Marques	https://www.wikidata.org/wiki/Q610788	https://www.wikidata.org/wiki/Q22005939
"Costa puxa por Pedro Marques, homem dos ""resultados"" e não dos ""soundbites"""	ent1_supports_ent2		2019-02-27	https://arquivo.pt/wayback/20190227183758/https://observador.pt/2019/02/26/costa-puxa-por-pedro-marques-homem-dos-resultados-e-nao-dos-soundbites/	Costa	Pedro Marques	https://www.wikidata.org/wiki/Q610788	https://www.wikidata.org/wiki/Q22005939
"Costa elogia Pedro Marques e critica ""campanha suja"" do PSD"	ent1_supports_ent2		2019-06-18	https://arquivo.pt/wayback/20190618181325/https://sicnoticias.pt/especiais/eleicoes-europeias-2019/2019-05-26-Costa-elogia-Pedro-Marques-e-critica-campanha-suja-do-PSD	Costa	Pedro Marques	https://www.wikidata.org/wiki/Q610788	https://www.wikidata.org/wiki/Q22005939
Costa confirma: Pedro Marques sai do Governo para liderar PS nas europeias	other		2019-03-18	https://arquivo.pt/wayback/20190318061032/https://www.jornaldenegocios.pt/economia/politica/detalhe/costa-confirma-pedro-marques-sai-do-governo-para-liderar-ps-nas-europeias	Costa	Pedro Marques	https://www.wikidata.org/wiki/Q610788	https://www.wikidata.org/wiki/Q22005939
Costa responde às críticas do PSD e elogia Pedro Marques	ent1_supports_ent2		2019-03-10	https://arquivo.pt/wayback/20190310220945/https://sicnoticias.pt/pais/2019-03-10-Costa-responde-as-criticas-do-PSD-e-elogia-Pedro-Marques	Costa	Pedro Marques	https://www.wikidata.org/wiki/Q610788	https://www.wikidata.org/wiki/Q22005939
Costa justifica Pedro Marques: conseguiu os milhões e conhece o país	other		2019-02-18	https://arquivo.pt/wayback/20190218191005/https://www.dn.pt/edicao-do-dia/17-fev-2019/interior/amp/costa-justifica-pedro-marques-conseguiu-os-milhoes-e-conhece-o-pais--10586664.html	Costa	Pedro Marques	https://www.wikidata.org/wiki/Q610788	https://www.wikidata.org/wiki/Q22005939
"Soares dos Santos: ""Sócrates não ouvia nada, era megalómano, mentiroso, inteligente"""	ent1_opposes_ent2		2015-09-10	https://arquivo.pt/wayback/20150910034708/http://expresso.sapo.pt/economia/soares-dos-santos-socrates-nao-ouvia-nada-era-megalomano-mentiroso-inteligente=f778782	Soares dos Santos	Sócrates	https://www.wikidata.org/wiki/Q2643773	https://www.wikidata.org/wiki/Q182367
Soares dos Santos: Declarações de António Borges foram infelizes	ent1_opposes_ent2		2017-02-26	https://arquivo.pt/wayback/20170226075421/http://www.tsf.pt/economia/interior/soares-dos-santos-declaracoes-de-antonio-borges-foram-infelizes--2800917.html?id=2800917	Soares dos Santos	António Borges	https://www.wikidata.org/wiki/Q2643773	https://www.wikidata.org/wiki/Q4777532
Soares dos Santos diz que Sócrates não foi leal	ent1_opposes_ent2		2012-03-14	https://arquivo.pt/wayback/20120314005422/http://www.ionline.pt/portugal/soares-dos-santos-diz-socrates-nao-foi-leal	Soares dos Santos	Sócrates	https://www.wikidata.org/wiki/Q2643773	https://www.wikidata.org/wiki/Q182367
Soares dos Santos ao lado de Cavaco Silva	ent1_supports_ent2		2014-10-24	https://arquivo.pt/wayback/20141024062350/http://expresso.sapo.pt/soares-dos-santos-ao-lado-de-cavaco-silva=f711459	Soares dos Santos	Cavaco Silva	https://www.wikidata.org/wiki/Q2643773	https://www.wikidata.org/wiki/Q57398
"Soares dos Santos enaltece ""inquestionável dedicação"" de Barreto"	ent1_supports_ent2		2015-10-08	https://arquivo.pt/wayback/20151008072732/http://expresso.sapo.pt/sociedade/soares-dos-santos-enaltece-inquestionavel-dedicacao-de-barreto=f865913	Soares dos Santos	Barreto	https://www.wikidata.org/wiki/Q2643773	https://www.wikidata.org/wiki/Q2857756
Sócrates responde a Soares dos Santos: Não basta ser rico para ser bem-educado- A Escolha do Editor	ent1_opposes_ent2		2011-02-20	https://arquivo.pt/wayback/20110220164309/http://www.jornaldenegocios.pt/home.php?template=SHOWNEWS_V2&id=469365	Sócrates	Soares dos Santos	https://www.wikidata.org/wiki/Q182367	https://www.wikidata.org/wiki/Q2643773
Soares dos Santos diz que Belmiro de Azevedo não agradava a todos porque falava a verdade	ent1_supports_ent2		2017-12-03	https://arquivo.pt/wayback/20171203233114/https://www.sabado.pt/dinheiro/detalhe/soares-dos-santos-diz-que-belmiro-de-azevedo-nao-agradava-a-todos-porque-falava-a-verdade?ref=SEC_Grupo3_dinheiro	Soares dos Santos	Belmiro de Azevedo	https://www.wikidata.org/wiki/Q2643773	https://www.wikidata.org/wiki/Q349505
"José Sócrates - José Alberto Carvalho reage a críticas: ""O jornalista não é juiz"" - Media - DN"	other		2016-01-07	https://arquivo.pt/wayback/20160107221251/http://www.dn.pt/media/interior/jose-alberto-carvalho-reage-a-criticas-o-jornalista-nao-e-juiz-4931809.html	José Sócrates	Alberto Carvalho	https://www.wikidata.org/wiki/Q182367	https://www.wikidata.org/wiki/Q10308719
Entrevista a Sócrates. José Alberto Carvalho reage às críticas	other		2016-02-07	https://arquivo.pt/wayback/20160207060825/http://www.ionline.pt/artigo/490704/entrevista-a-socrates-jose-alberto-carvalho-reage-as-criticas?seccao=Portugal_i	Sócrates	Alberto Carvalho	https://www.wikidata.org/wiki/Q182367	https://www.wikidata.org/wiki/Q10308719Miguel Relvas subscreve apelo de Cavaco para compromisso político e diz que essa é a atitude do PSD	ent1_supports_ent2		2010-10-05	https://arquivo.pt/wayback/20101005181059/http://dn.sapo.pt/inicio/portugal/interior.aspx?content_id=1678559	Miguel Relvas	Cavaco	https://www.wikidata.org/wiki/Q57398	https://www.wikidata.org/wiki/Q57398
Manuel Pinho já tem emprego... oferecido por Joe Berardo	ent2_supports_ent1		2017-02-28	https://arquivo.pt/wayback/20170228141057/http://visao.sapo.pt/actualidade/portugal/manuel-pinho-ja-tem-emprego-oferecido-por-joe-berardo=f515385	Manuel Pinho	Joe Berardo	https://www.wikidata.org/wiki/Q1382767	https://www.wikidata.org/wiki/Q3186200
"Vasco Lourenço: Otelo parece ""ter personalidade dupla"""	ent1_opposes_ent2		2011-04-27	https://arquivo.pt/wayback/20110427033525/http://www.dn.pt/inicio/portugal/interior.aspx?content_id=1837444	Vasco Lourenço	Otelo	https://www.wikidata.org/wiki/Q2511022	https://www.wikidata.org/wiki/Q1353499
"Marques Júnior elogiado por Cavaco Silva pela ""integridade de carácter"""	ent2_supports_ent1		2013-01-13	https://arquivo.pt/wayback/20130113052757/http://www.publico.pt/portugal/jornal/marques-junior-elogiado-por-cavaco-silva-pela-integridade-de-caracter-25830783	Marques Júnior	Cavaco Silva	https://www.wikidata.org/wiki/Q16491101	https://www.wikidata.org/wiki/Q57398
Emmanuel Macron lamenta decisão de Donald Trump em retirar as tropas da Síria	ent1_opposes_ent2		2018-12-28	https://arquivo.pt/wayback/20181228210042/https://jornaleconomico.sapo.pt/noticias/emmanuel-macron-lamenta-decisao-de-donald-trump-em-retirar-as-tropas-da-siria-392308	Emmanuel Macron	Donald Trump	https://www.wikidata.org/wiki/Q3052772	https://www.wikidata.org/wiki/Q22686
